CARUID,CARENAME,centroid_lat,centroid_lon
4810,Census Agricultural Region 1,50.64761817741169,-110.90618561145313
4820,Census Agricultural Region 2,50.51391466926932,-112.54107948142659
4830,Census Agricultural Region 3,51.068147535248364,-115.10218006886763
4840,Census Agricultural Region 4A,52.48186628095001,-111.50219278571754
4841,Census Agricultural Region 4B,53.36995239407238,-111.69365773029205
4850,Census Agricultural Region 5,52.69706345911512,-114.67941457357168
4860,Census Agricultural Region 6,56.36879646774337,-112.92533045299051
4870,Census Agricultural Region 7,56.89246773133654,-116.82105083738085
